[
    {
        "flight": "destination",
        "country": "MelbourneMEL",
        "code": "MEL"
    },
    {
        "flight": "destination",
        "country": "SydneySYD",
        "code": "SYD"
    },
    {
        "flight": "destination",
        "country": "DhakaDAC",
        "code": "DAC"
    },
    {
        "flight": "destination",
        "country": "Phnom PenhPNH",
        "code": "PNH"
    },
    {
        "flight": "destination",
        "country": "Siem ReapSAI",
        "code": "SAI"
    },
    {
        "flight": "destination",
        "country": "BeijingPEK",
        "code": "PEK"
    },
    {
        "flight": "destination",
        "country": "ChengduTFU",
        "code": "TFU"
    },
    {
        "flight": "destination",
        "country": "GuangzhouCAN",
        "code": "CAN"
    },
    {
        "flight": "destination",
        "country": "KunmingKMG",
        "code": "KMG"
    },
    {
        "flight": "destination",
        "country": "ShanghaiPVG",
        "code": "PVG"
    },
    {
        "flight": "destination",
        "country": "CopenhagenCPH",
        "code": "CPH"
    },
    {
        "flight": "destination",
        "country": "ParisCDG",
        "code": "CDG"
    },
    {
        "flight": "destination",
        "country": "FrankfurtFRA",
        "code": "FRA"
    },
    {
        "flight": "destination",
        "country": "MunichMUC",
        "code": "MUC"
    },
    {
        "flight": "destination",
        "country": "Hong KongHKG",
        "code": "HKG"
    },
    {
        "flight": "destination",
        "country": "AhmedabadAMD",
        "code": "AMD"
    },
    {
        "flight": "destination",
        "country": "BengaluruBLR",
        "code": "BLR"
    },
    {
        "flight": "destination",
        "country": "ChennaiMAA",
        "code": "MAA"
    },
    {
        "flight": "destination",
        "country": "GayaGAY",
        "code": "GAY"
    },
    {
        "flight": "destination",
        "country": "HyderabadHYD",
        "code": "HYD"
    },
    {
        "flight": "destination",
        "country": "KolkataCCU",
        "code": "CCU"
    },
    {
        "flight": "destination",
        "country": "MumbaiBOM",
        "code": "BOM"
    },
    {
        "flight": "destination",
        "country": "New DelhiDEL",
        "code": "DEL"
    },
    {
        "flight": "destination",
        "country": "DenpasarDPS",
        "code": "DPS"
    },
    {
        "flight": "destination",
        "country": "JakartaCGK",
        "code": "CGK"
    },
    {
        "flight": "destination",
        "country": "FukuokaFUK",
        "code": "FUK"
    },
    {
        "flight": "destination",
        "country": "NagoyaNGO",
        "code": "NGO"
    },
    {
        "flight": "destination",
        "country": "OsakaKIX",
        "code": "KIX"
    },
    {
        "flight": "destination",
        "country": "SapporoCTS",
        "code": "CTS"
    },
    {
        "flight": "destination",
        "country": "TokyoNRT",
        "code": "NRT"
    },
    {
        "flight": "destination",
        "country": "TokyoHND",
        "code": "HND"
    },
    {
        "flight": "destination",
        "country": "VientianeVTE",
        "code": "VTE"
    },
    {
        "flight": "destination",
        "country": "Kuala LumpurKUL",
        "code": "KUL"
    },
    {
        "flight": "destination",
        "country": "PenangPEN",
        "code": "PEN"
    },
    {
        "flight": "destination",
        "country": "YangonRGN",
        "code": "RGN"
    },
    {
        "flight": "destination",
        "country": "KathmanduKTM",
        "code": "KTM"
    },
    {
        "flight": "destination",
        "country": "IslamabadISB",
        "code": "ISB"
    },
    {
        "flight": "destination",
        "country": "KarachiKHI",
        "code": "KHI"
    },
    {
        "flight": "destination",
        "country": "LahoreLHE",
        "code": "LHE"
    },
    {
        "flight": "destination",
        "country": "ManilaMNL",
        "code": "MNL"
    },
    {
        "flight": "destination",
        "country": "JeddahJED",
        "code": "JED"
    },
    {
        "flight": "destination",
        "country": "SingaporeSIN",
        "code": "SIN"
    },
    {
        "flight": "destination",
        "country": "SeoulICN",
        "code": "ICN"
    },
    {
        "flight": "destination",
        "country": "Stockholm (Arlanda)ARN",
        "code": "ARN"
    },
    {
        "flight": "destination",
        "country": "ZürichZRH",
        "code": "ZRH"
    },
    {
        "flight": "destination",
        "country": "KaohsiungKHH",
        "code": "KHH"
    },
    {
        "flight": "destination",
        "country": "TaipeiTPE",
        "code": "TPE"
    },
    {
        "flight": "destination",
        "country": "BangkokBKK",
        "code": "BKK"
    },
    {
        "flight": "destination",
        "country": "Chiang MaiCNX",
        "code": "CNX"
    },
    {
        "flight": "destination",
        "country": "Chiang RaiCEI",
        "code": "CEI"
    },
    {
        "flight": "destination",
        "country": "Hat YaiHDY",
        "code": "HDY"
    },
    {
        "flight": "destination",
        "country": "Khon KaenKKC",
        "code": "KKC"
    },
    {
        "flight": "destination",
        "country": "KrabiKBV",
        "code": "KBV"
    },
    {
        "flight": "destination",
        "country": "NarathiwatNAW",
        "code": "NAW"
    },
    {
        "flight": "destination",
        "country": "PhuketHKT",
        "code": "HKT"
    },
    {
        "flight": "destination",
        "country": "Ubon RatchathaniUBP",
        "code": "UBP"
    },
    {
        "flight": "destination",
        "country": "Udon ThaniUTH",
        "code": "UTH"
    },
    {
        "flight": "destination",
        "country": "IstanbulIST",
        "code": "IST"
    },
    {
        "flight": "destination",
        "country": "London HeathrowLHR",
        "code": "LHR"
    },
    {
        "flight": "destination",
        "country": "HanoiHAN",
        "code": "HAN"
    },
    {
        "flight": "destination",
        "country": "Ho Chi Minh CitySGN",
        "code": "SGN"
    },
    {
        "flight": "departure",
        "country": "MelbourneMEL",
        "code": "MEL"
    },
    {
        "flight": "departure",
        "country": "SydneySYD",
        "code": "SYD"
    },
    {
        "flight": "departure",
        "country": "DhakaDAC",
        "code": "DAC"
    },
    {
        "flight": "departure",
        "country": "Phnom PenhPNH",
        "code": "PNH"
    },
    {
        "flight": "departure",
        "country": "Siem ReapSAI",
        "code": "SAI"
    },
    {
        "flight": "departure",
        "country": "BeijingPEK",
        "code": "PEK"
    },
    {
        "flight": "departure",
        "country": "ChengduTFU",
        "code": "TFU"
    },
    {
        "flight": "departure",
        "country": "GuangzhouCAN",
        "code": "CAN"
    },
    {
        "flight": "departure",
        "country": "KunmingKMG",
        "code": "KMG"
    },
    {
        "flight": "departure",
        "country": "ShanghaiPVG",
        "code": "PVG"
    },
    {
        "flight": "departure",
        "country": "CopenhagenCPH",
        "code": "CPH"
    },
    {
        "flight": "departure",
        "country": "ParisCDG",
        "code": "CDG"
    },
    {
        "flight": "departure",
        "country": "FrankfurtFRA",
        "code": "FRA"
    },
    {
        "flight": "departure",
        "country": "MunichMUC",
        "code": "MUC"
    },
    {
        "flight": "departure",
        "country": "Hong KongHKG",
        "code": "HKG"
    },
    {
        "flight": "departure",
        "country": "AhmedabadAMD",
        "code": "AMD"
    },
    {
        "flight": "departure",
        "country": "BengaluruBLR",
        "code": "BLR"
    },
    {
        "flight": "departure",
        "country": "ChennaiMAA",
        "code": "MAA"
    },
    {
        "flight": "departure",
        "country": "GayaGAY",
        "code": "GAY"
    },
    {
        "flight": "departure",
        "country": "HyderabadHYD",
        "code": "HYD"
    },
    {
        "flight": "departure",
        "country": "KolkataCCU",
        "code": "CCU"
    },
    {
        "flight": "departure",
        "country": "MumbaiBOM",
        "code": "BOM"
    },
    {
        "flight": "departure",
        "country": "New DelhiDEL",
        "code": "DEL"
    },
    {
        "flight": "departure",
        "country": "DenpasarDPS",
        "code": "DPS"
    },
    {
        "flight": "departure",
        "country": "JakartaCGK",
        "code": "CGK"
    },
    {
        "flight": "departure",
        "country": "FukuokaFUK",
        "code": "FUK"
    },
    {
        "flight": "departure",
        "country": "NagoyaNGO",
        "code": "NGO"
    },
    {
        "flight": "departure",
        "country": "OsakaKIX",
        "code": "KIX"
    },
    {
        "flight": "departure",
        "country": "SapporoCTS",
        "code": "CTS"
    },
    {
        "flight": "departure",
        "country": "TokyoNRT",
        "code": "NRT"
    },
    {
        "flight": "departure",
        "country": "TokyoHND",
        "code": "HND"
    },
    {
        "flight": "departure",
        "country": "VientianeVTE",
        "code": "VTE"
    },
    {
        "flight": "departure",
        "country": "Kuala LumpurKUL",
        "code": "KUL"
    },
    {
        "flight": "departure",
        "country": "PenangPEN",
        "code": "PEN"
    },
    {
        "flight": "departure",
        "country": "YangonRGN",
        "code": "RGN"
    },
    {
        "flight": "departure",
        "country": "KathmanduKTM",
        "code": "KTM"
    },
    {
        "flight": "departure",
        "country": "IslamabadISB",
        "code": "ISB"
    },
    {
        "flight": "departure",
        "country": "KarachiKHI",
        "code": "KHI"
    },
    {
        "flight": "departure",
        "country": "LahoreLHE",
        "code": "LHE"
    },
    {
        "flight": "departure",
        "country": "ManilaMNL",
        "code": "MNL"
    },
    {
        "flight": "departure",
        "country": "JeddahJED",
        "code": "JED"
    },
    {
        "flight": "departure",
        "country": "SingaporeSIN",
        "code": "SIN"
    },
    {
        "flight": "departure",
        "country": "SeoulICN",
        "code": "ICN"
    },
    {
        "flight": "departure",
        "country": "Stockholm (Arlanda)ARN",
        "code": "ARN"
    },
    {
        "flight": "departure",
        "country": "ZürichZRH",
        "code": "ZRH"
    },
    {
        "flight": "departure",
        "country": "KaohsiungKHH",
        "code": "KHH"
    },
    {
        "flight": "departure",
        "country": "TaipeiTPE",
        "code": "TPE"
    },
    {
        "flight": "departure",
        "country": "BangkokBKK",
        "code": "BKK"
    },
    {
        "flight": "departure",
        "country": "Chiang MaiCNX",
        "code": "CNX"
    },
    {
        "flight": "departure",
        "country": "Chiang RaiCEI",
        "code": "CEI"
    },
    {
        "flight": "departure",
        "country": "Hat YaiHDY",
        "code": "HDY"
    },
    {
        "flight": "departure",
        "country": "Khon KaenKKC",
        "code": "KKC"
    },
    {
        "flight": "departure",
        "country": "KrabiKBV",
        "code": "KBV"
    },
    {
        "flight": "departure",
        "country": "NarathiwatNAW",
        "code": "NAW"
    },
    {
        "flight": "departure",
        "country": "PhuketHKT",
        "code": "HKT"
    },
    {
        "flight": "departure",
        "country": "Ubon RatchathaniUBP",
        "code": "UBP"
    },
    {
        "flight": "departure",
        "country": "Udon ThaniUTH",
        "code": "UTH"
    },
    {
        "flight": "departure",
        "country": "IstanbulIST",
        "code": "IST"
    },
    {
        "flight": "departure",
        "country": "London HeathrowLHR",
        "code": "LHR"
    },
    {
        "flight": "departure",
        "country": "HanoiHAN",
        "code": "HAN"
    },
    {
        "flight": "departure",
        "country": "Ho Chi Minh CitySGN",
        "code": "SGN"
    }
]