[
    {
        "flight": "destination",
        "country": "DhakaDAC",
        "code": "DAC"
    },
    {
        "flight": "destination",
        "country": "Phnom PenhPNH",
        "code": "PNH"
    },
    {
        "flight": "destination",
        "country": "Siem ReapREP",
        "code": "REP"
    },
    {
        "flight": "destination",
        "country": "SihanoukvilleKOS",
        "code": "KOS"
    },
    {
        "flight": "destination",
        "country": "Beijing DaxingPKX",
        "code": "PKX"
    },
    {
        "flight": "destination",
        "country": "ChangshaCSX",
        "code": "CSX"
    },
    {
        "flight": "destination",
        "country": "ChengduTFU",
        "code": "TFU"
    },
    {
        "flight": "destination",
        "country": "ChongqingCKG",
        "code": "CKG"
    },
    {
        "flight": "destination",
        "country": "GuangzhouCAN",
        "code": "CAN"
    },
    {
        "flight": "destination",
        "country": "HangzhouHGH",
        "code": "HGH"
    },
    {
        "flight": "destination",
        "country": "KunmingKMG",
        "code": "KMG"
    },
    {
        "flight": "destination",
        "country": "NanjingNKG",
        "code": "NKG"
    },
    {
        "flight": "destination",
        "country": "ShantouSWA",
        "code": "SWA"
    },
    {
        "flight": "destination",
        "country": "ShenzhenSZX",
        "code": "SZX"
    },
    {
        "flight": "destination",
        "country": "WuhanWUH",
        "code": "WUH"
    },
    {
        "flight": "destination",
        "country": "Xi'anXIY",
        "code": "XIY"
    },
    {
        "flight": "destination",
        "country": "Hong KongHKG",
        "code": "HKG"
    },
    {
        "flight": "destination",
        "country": "AhmedabadAMD",
        "code": "AMD"
    },
    {
        "flight": "destination",
        "country": "BengaluruBLR",
        "code": "BLR"
    },
    {
        "flight": "destination",
        "country": "ChennaiMAA",
        "code": "MAA"
    },
    {
        "flight": "destination",
        "country": "GayaGAY",
        "code": "GAY"
    },
    {
        "flight": "destination",
        "country": "GuwahatiGAU",
        "code": "GAU"
    },
    {
        "flight": "destination",
        "country": "JaipurJAI",
        "code": "JAI"
    },
    {
        "flight": "destination",
        "country": "KochiCOK",
        "code": "COK"
    },
    {
        "flight": "destination",
        "country": "KolkataCCU",
        "code": "CCU"
    },
    {
        "flight": "destination",
        "country": "LucknowLKO",
        "code": "LKO"
    },
    {
        "flight": "destination",
        "country": "DenpasarDPS",
        "code": "DPS"
    },
    {
        "flight": "destination",
        "country": "JakartaCGK",
        "code": "CGK"
    },
    {
        "flight": "destination",
        "country": "FukuokaFUK",
        "code": "FUK"
    },
    {
        "flight": "destination",
        "country": "Luang PrabangLPQ",
        "code": "LPQ"
    },
    {
        "flight": "destination",
        "country": "VientianeVTE",
        "code": "VTE"
    },
    {
        "flight": "destination",
        "country": "MacauMFM",
        "code": "MFM"
    },
    {
        "flight": "destination",
        "country": "Johor BahruJHB",
        "code": "JHB"
    },
    {
        "flight": "destination",
        "country": "Kuala LumpurKUL",
        "code": "KUL"
    },
    {
        "flight": "destination",
        "country": "PenangPEN",
        "code": "PEN"
    },
    {
        "flight": "destination",
        "country": "MaléMLE",
        "code": "MLE"
    },
    {
        "flight": "destination",
        "country": "MandalayMDL",
        "code": "MDL"
    },
    {
        "flight": "destination",
        "country": "YangonRGN",
        "code": "RGN"
    },
    {
        "flight": "destination",
        "country": "SingaporeSIN",
        "code": "SIN"
    },
    {
        "flight": "destination",
        "country": "ColomboCMB",
        "code": "CMB"
    },
    {
        "flight": "destination",
        "country": "TaipeiTPE",
        "code": "TPE"
    },
    {
        "flight": "destination",
        "country": "BangkokBKK",
        "code": "BKK"
    },
    {
        "flight": "destination",
        "country": "Bangkok (Don Muang)DMK",
        "code": "DMK"
    },
    {
        "flight": "destination",
        "country": "Buriram (Buri Ram)BFV",
        "code": "BFV"
    },
    {
        "flight": "destination",
        "country": "Chiang MaiCNX",
        "code": "CNX"
    },
    {
        "flight": "destination",
        "country": "Chiang RaiCEI",
        "code": "CEI"
    },
    {
        "flight": "destination",
        "country": "Chumphon ProvinceCJM",
        "code": "CJM"
    },
    {
        "flight": "destination",
        "country": "Hat YaiHDY",
        "code": "HDY"
    },
    {
        "flight": "destination",
        "country": "Hua HinHHQ",
        "code": "HHQ"
    },
    {
        "flight": "destination",
        "country": "Khon KaenKKC",
        "code": "KKC"
    },
    {
        "flight": "destination",
        "country": "KrabiKBV",
        "code": "KBV"
    },
    {
        "flight": "destination",
        "country": "LoeiLOE",
        "code": "LOE"
    },
    {
        "flight": "destination",
        "country": "Nakhon PhanomKOP",
        "code": "KOP"
    },
    {
        "flight": "destination",
        "country": "Nakhon Si ThammaratNST",
        "code": "NST"
    },
    {
        "flight": "destination",
        "country": "NanNNT",
        "code": "NNT"
    },
    {
        "flight": "destination",
        "country": "NarathiwatNAW",
        "code": "NAW"
    },
    {
        "flight": "destination",
        "country": "PhitsanulokPHS",
        "code": "PHS"
    },
    {
        "flight": "destination",
        "country": "PhuketHKT",
        "code": "HKT"
    },
    {
        "flight": "destination",
        "country": "RanongUNN",
        "code": "UNN"
    },
    {
        "flight": "destination",
        "country": "Roi EtROI",
        "code": "ROI"
    },
    {
        "flight": "destination",
        "country": "Sakon NakhonSNO",
        "code": "SNO"
    },
    {
        "flight": "destination",
        "country": "Surat ThaniURT",
        "code": "URT"
    },
    {
        "flight": "destination",
        "country": "TrangTST",
        "code": "TST"
    },
    {
        "flight": "destination",
        "country": "Ubon RatchathaniUBP",
        "code": "UBP"
    },
    {
        "flight": "destination",
        "country": "Udon ThaniUTH",
        "code": "UTH"
    },
    {
        "flight": "destination",
        "country": "Da NangDAD",
        "code": "DAD"
    },
    {
        "flight": "destination",
        "country": "HanoiHAN",
        "code": "HAN"
    },
    {
        "flight": "destination",
        "country": "Ho Chi Minh CitySGN",
        "code": "SGN"
    },
    {
        "flight": "destination",
        "country": "Nha TrangCXR",
        "code": "CXR"
    },
    {
        "flight": "departure",
        "country": "DhakaDAC",
        "code": "DAC"
    },
    {
        "flight": "departure",
        "country": "Phnom PenhPNH",
        "code": "PNH"
    },
    {
        "flight": "departure",
        "country": "Siem ReapREP",
        "code": "REP"
    },
    {
        "flight": "departure",
        "country": "SihanoukvilleKOS",
        "code": "KOS"
    },
    {
        "flight": "departure",
        "country": "Beijing DaxingPKX",
        "code": "PKX"
    },
    {
        "flight": "departure",
        "country": "ChangshaCSX",
        "code": "CSX"
    },
    {
        "flight": "departure",
        "country": "ChengduTFU",
        "code": "TFU"
    },
    {
        "flight": "departure",
        "country": "ChongqingCKG",
        "code": "CKG"
    },
    {
        "flight": "departure",
        "country": "GuangzhouCAN",
        "code": "CAN"
    },
    {
        "flight": "departure",
        "country": "HangzhouHGH",
        "code": "HGH"
    },
    {
        "flight": "departure",
        "country": "KunmingKMG",
        "code": "KMG"
    },
    {
        "flight": "departure",
        "country": "NanjingNKG",
        "code": "NKG"
    },
    {
        "flight": "departure",
        "country": "ShantouSWA",
        "code": "SWA"
    },
    {
        "flight": "departure",
        "country": "ShenzhenSZX",
        "code": "SZX"
    },
    {
        "flight": "departure",
        "country": "WuhanWUH",
        "code": "WUH"
    },
    {
        "flight": "departure",
        "country": "Xi'anXIY",
        "code": "XIY"
    },
    {
        "flight": "departure",
        "country": "Hong KongHKG",
        "code": "HKG"
    },
    {
        "flight": "departure",
        "country": "AhmedabadAMD",
        "code": "AMD"
    },
    {
        "flight": "departure",
        "country": "BengaluruBLR",
        "code": "BLR"
    },
    {
        "flight": "departure",
        "country": "ChennaiMAA",
        "code": "MAA"
    },
    {
        "flight": "departure",
        "country": "GayaGAY",
        "code": "GAY"
    },
    {
        "flight": "departure",
        "country": "GuwahatiGAU",
        "code": "GAU"
    },
    {
        "flight": "departure",
        "country": "JaipurJAI",
        "code": "JAI"
    },
    {
        "flight": "departure",
        "country": "KochiCOK",
        "code": "COK"
    },
    {
        "flight": "departure",
        "country": "KolkataCCU",
        "code": "CCU"
    },
    {
        "flight": "departure",
        "country": "LucknowLKO",
        "code": "LKO"
    },
    {
        "flight": "departure",
        "country": "DenpasarDPS",
        "code": "DPS"
    },
    {
        "flight": "departure",
        "country": "JakartaCGK",
        "code": "CGK"
    },
    {
        "flight": "departure",
        "country": "FukuokaFUK",
        "code": "FUK"
    },
    {
        "flight": "departure",
        "country": "Luang PrabangLPQ",
        "code": "LPQ"
    },
    {
        "flight": "departure",
        "country": "VientianeVTE",
        "code": "VTE"
    },
    {
        "flight": "departure",
        "country": "MacauMFM",
        "code": "MFM"
    },
    {
        "flight": "departure",
        "country": "Johor BahruJHB",
        "code": "JHB"
    },
    {
        "flight": "departure",
        "country": "Kuala LumpurKUL",
        "code": "KUL"
    },
    {
        "flight": "departure",
        "country": "PenangPEN",
        "code": "PEN"
    },
    {
        "flight": "departure",
        "country": "MaléMLE",
        "code": "MLE"
    },
    {
        "flight": "departure",
        "country": "MandalayMDL",
        "code": "MDL"
    },
    {
        "flight": "departure",
        "country": "YangonRGN",
        "code": "RGN"
    },
    {
        "flight": "departure",
        "country": "SingaporeSIN",
        "code": "SIN"
    },
    {
        "flight": "departure",
        "country": "ColomboCMB",
        "code": "CMB"
    },
    {
        "flight": "departure",
        "country": "TaipeiTPE",
        "code": "TPE"
    },
    {
        "flight": "departure",
        "country": "BangkokBKK",
        "code": "BKK"
    },
    {
        "flight": "departure",
        "country": "Bangkok (Don Muang)DMK",
        "code": "DMK"
    },
    {
        "flight": "departure",
        "country": "Buriram (Buri Ram)BFV",
        "code": "BFV"
    },
    {
        "flight": "departure",
        "country": "Chiang MaiCNX",
        "code": "CNX"
    },
    {
        "flight": "departure",
        "country": "Chiang RaiCEI",
        "code": "CEI"
    },
    {
        "flight": "departure",
        "country": "Chumphon ProvinceCJM",
        "code": "CJM"
    },
    {
        "flight": "departure",
        "country": "Hat YaiHDY",
        "code": "HDY"
    },
    {
        "flight": "departure",
        "country": "Hua HinHHQ",
        "code": "HHQ"
    },
    {
        "flight": "departure",
        "country": "Khon KaenKKC",
        "code": "KKC"
    },
    {
        "flight": "departure",
        "country": "KrabiKBV",
        "code": "KBV"
    },
    {
        "flight": "departure",
        "country": "LoeiLOE",
        "code": "LOE"
    },
    {
        "flight": "departure",
        "country": "Nakhon PhanomKOP",
        "code": "KOP"
    },
    {
        "flight": "departure",
        "country": "Nakhon Si ThammaratNST",
        "code": "NST"
    },
    {
        "flight": "departure",
        "country": "NanNNT",
        "code": "NNT"
    },
    {
        "flight": "departure",
        "country": "NarathiwatNAW",
        "code": "NAW"
    },
    {
        "flight": "departure",
        "country": "PhitsanulokPHS",
        "code": "PHS"
    },
    {
        "flight": "departure",
        "country": "PhuketHKT",
        "code": "HKT"
    },
    {
        "flight": "departure",
        "country": "RanongUNN",
        "code": "UNN"
    },
    {
        "flight": "departure",
        "country": "Roi EtROI",
        "code": "ROI"
    },
    {
        "flight": "departure",
        "country": "Sakon NakhonSNO",
        "code": "SNO"
    },
    {
        "flight": "departure",
        "country": "Surat ThaniURT",
        "code": "URT"
    },
    {
        "flight": "departure",
        "country": "TrangTST",
        "code": "TST"
    },
    {
        "flight": "departure",
        "country": "Ubon RatchathaniUBP",
        "code": "UBP"
    },
    {
        "flight": "departure",
        "country": "Udon ThaniUTH",
        "code": "UTH"
    },
    {
        "flight": "departure",
        "country": "Da NangDAD",
        "code": "DAD"
    },
    {
        "flight": "departure",
        "country": "HanoiHAN",
        "code": "HAN"
    },
    {
        "flight": "departure",
        "country": "Ho Chi Minh CitySGN",
        "code": "SGN"
    },
    {
        "flight": "departure",
        "country": "Nha TrangCXR",
        "code": "CXR"
    }
]